"","F3D0","F3D1","F3D141","F3D142","F3D143","F3D144","F3D145","F3D146","F3D147","F3D148","F3D149","F3D150","F3D2","F3D3","F3D5","F3D6","F3D7","F3D8","F3D9"
"ASV_1",0.080625,0.015204054414510537,0.12341407151095732,0.08303886925795052,0.1124031007751938,0.1317467063323417,0.13819523269012485,0.12117039586919105,0.11602541052379241,0.11302570093457943,0.10258152173913043,0.1346704871060172,0.03635894791129448,0.04852263486039577,0.05123113582208102,0.07106181967549804,0.09467654986522911,0.035270309337958945,0.03913808267370272
"ASV_2",0.034375,0.03360896238997066,0.05709342560553633,0.11484098939929328,0.0636766334440753,0.05354866128346791,0.0967650397275823,0.06161790017211704,0.061968116984298216,0.06950934579439252,0.058288043478260866,0.057624960203756764,0.02870895650679044,0.11547844944429385,0.056393963463065924,0.09878825220784555,0.16442048517520216,0.14715235617230413,0.13082673702726474
"ASV_3",0.042708333333333334,0.05654841291010936,0.06632064590542099,0.10659599528857479,0.06755260243632337,0.06332341691457713,0.0706583427922815,0.05266781411359724,0.0857005873187103,0.06527453271028037,0.06290760869565218,0.04425342247691818,0.08191507649991404,0.10056925996204934,0.06671961874503574,0.08995686999383858,0.10950134770889487,0.06273489447817288,0.05826737027264732
"ASV_4",0.053125,0.047479327820752204,0.052191464821222604,0.06301531213191991,0.04540420819490587,0.0718232044198895,0.05817253121452894,0.05266781411359724,0.07263574253865517,0.051985981308411214,0.045108695652173916,0.04011461318051576,0.1319408629877944,0.1122255353754405,0.04805401111993646,0.09570753748202916,0.09198113207547169,0.03642671292281006,0.04661389621811785
"ASV_5",0.032916666666666664,0.04294478527607362,0.08938869665513265,0.04004711425206125,0.04595791805094131,0.01572460688482788,0.03206583427922815,0.022030981067125647,0.00958887690279276,0.07213785046728972,0.06698369565217391,0.03406558420885068,0.09609764483410693,0.09840065058281378,0.06671961874503574,0.046416101868966934,0.07142857142857142,0.07603353570396068,0.08509234828496043
"ASV_6",0.051041666666666666,0.0240064017071219,0.06113033448673587,0.07420494699646643,0.06976744186046512,0.07734806629834254,0.08796821793416572,0.06506024096385542,0.08378281193815175,0.06980140186915888,0.06372282608695652,0.06462909901305317,0.02458311844593433,0.03767958796421794,0.04050833995234313,0.04600533990552475,0.05323450134770889,0.0332466030644695,0.03935795954265611
"ASV_7",0.08479166666666667,0.008802347292611363,0.08304498269896193,0.08892815076560659,0.10852713178294573,0.12622184445388865,0.10584562996594779,0.09259896729776247,0.1109912501498262,0.10061331775700935,0.07432065217391304,0.058898439987265204,0.008165721162111055,0.0056925996204933585,0.006751389992057188,0.003286095707537482,0.0,0.0,0.0
"ASV_8",0.03791666666666667,0.02160576153640971,0.04440599769319493,0.03297997644287397,0.04595791805094131,0.055248618784530384,0.047105561861521,0.03614457831325301,0.04015342203044468,0.039865654205607476,0.03790760869565218,0.056669850366125436,0.04332129963898917,0.05042016806722689,0.04527402700555997,0.04682686383240912,0.06098382749326146,0.04163052905464007,0.039797713280562884
"ASV_9",0.027916666666666666,0.0234729261136303,0.034025374855824686,0.038869257950530034,0.035437430786267994,0.0577985550361241,0.055051078320090804,0.029259896729776247,0.028526908785808464,0.02643107476635514,0.03233695652173913,0.041388092964024195,0.04512635379061372,0.06668473841149362,0.07227958697378872,0.041486958307660714,0.07648247978436658,0.04827984966753397,0.040897097625329816
"ASV_10",0.0375,0.008268871699119766,0.031718569780853516,0.04534746760895171,0.048726467331118496,0.05057373565660858,0.053348467650397274,0.04096385542168675,0.05345798873306964,0.04950350467289719,0.03315217391304348,0.025151225724291626,0.0,0.0,0.0,0.0,0.0,0.0,0.0
"ASV_11",0.008958333333333334,0.029074419845292077,0.0028835063437139563,0.05594817432273263,0.02159468438538206,0.006374840628984276,0.0065266742338251985,0.001376936316695353,0.016780534579887332,0.002336448598130841,0.010326086956521738,0.018147086914995225,0.025184803163142512,0.022499322309568987,0.016679904686258934,0.07825015403573629,0.03369272237196765,0.03700491471523562,0.03562005277044855
"ASV_12",0.018125,0.0,0.015570934256055362,0.032391048292108364,0.02823920265780731,0.02634934126646834,0.027525539160045402,0.0,0.027328299172959366,0.02453271028037383,0.017255434782608697,0.01973893664438077,0.007306171566099364,0.01436703713743562,0.0,0.020127336208667076,0.01752021563342318,0.015322347499277248,0.011873350923482849
"ASV_13",0.015416666666666667,0.0,0.026239907727797,0.030035335689045935,0.01937984496124031,0.04547386315342117,0.031498297389330306,0.011359724612736662,0.03547884454033321,0.038113317757009345,0.02269021739130435,0.008914358484559057,0.0014612343132198728,0.005963675792897805,0.012311358220810167,0.0,0.0,0.0011564035848511131,0.0
"ASV_14",0.016875,0.07441984529207789,0.00922722029988466,0.006478209658421673,0.0049833887043189366,0.004249893752656183,0.003972758229284903,0.007228915662650603,0.00719165767709457,0.0073014018691588784,0.005570652173913043,0.005412289079910856,0.02862300154718927,0.0124695039306045,0.03177124702144559,0.010474430067775724,0.012803234501347708,0.01185313674472391,0.018249780123131047
"ASV_15",0.00125,0.011469725260069352,0.01903114186851211,0.014134275618374558,0.01716500553709856,0.04929876753081173,0.038024971623155504,0.024440619621342512,0.02421191417955172,0.024970794392523366,0.025679347826086957,0.010824578159821713,0.0013752793536187038,0.017619951206288967,0.010722795869737888,0.0034914766892585746,0.0023584905660377358,0.0,0.0028583992963940193
"ASV_16",0.011666666666666667,0.025340090690850893,0.0017301038062283738,0.002944640753828033,0.0,0.0021249468763280916,0.0014188422247446084,0.0010327022375215145,0.004554716528826561,0.007593457943925234,0.0005434782608695652,0.001591849729385546,0.03317861440605123,0.10192464082407156,0.004765687053216839,0.014171287738755391,0.012803234501347708,0.004625614339404453,0.008355321020228672
"ASV_17",0.007291666666666667,0.010936249666577753,0.01124567474048443,0.0,0.0049833887043189366,0.01572460688482788,0.008796821793416572,0.0051635111876075735,0.016181229773462782,0.014164719626168224,0.016440217391304347,0.005093919134033747,0.0024067388688327317,0.0314448359989157,0.003177124702144559,0.0051345245430273155,0.010444743935309973,0.027464585140213934,0.004177660510114336
"ASV_18",0.007916666666666667,0.0040010669511869835,0.02162629757785467,0.01884570082449941,0.032668881506090805,0.0055248618784530384,0.0031214528944381384,0.024784853700516352,0.008270406328658756,0.013580607476635514,0.034239130434782605,0.04011461318051576,0.0014612343132198728,0.0,0.0,0.0012322858903265558,0.0,0.0011564035848511131,0.0
"ASV_19",0.009791666666666667,0.03200853560949587,0.004036908881199538,0.0035335689045936395,0.0,0.0,0.0022701475595913734,0.014113597246127367,0.0025170801869830997,0.0073014018691588784,0.0,0.0057306590257879654,0.023551658930720303,0.0,0.021048451151707705,0.007188334360238242,0.009097035040431268,0.008673026886383347,0.009674582233948988
"ASV_20",0.013541666666666667,0.01627100560149373,0.0,0.004122497055359246,0.0,0.0,0.00170261066969353,0.006196213425129088,0.0009588876902792761,0.0016063084112149532,0.0010869565217391304,0.0028653295128939827,0.025872442839951864,0.010843046896177827,0.019459888800635424,0.012939001848428836,0.004380053908355795,0.014744145706851692,0.009234828496042216
"ASV_21",0.014166666666666666,0.022939450520138703,0.0,0.002355712603062426,0.0,0.0,0.0011350737797956867,0.011015490533562823,0.0038355507611171043,0.0010221962616822429,0.0008152173913043478,0.0019102196752626551,0.01529998280900808,0.003252914068853348,0.018268467037331215,0.020127336208667076,0.015161725067385445,0.009251228678808905,0.010773966578715918
"ASV_22",0.004583333333333333,0.010402774073086157,0.002306805074971165,0.0,0.008305647840531562,0.006799830004249894,0.00510783200908059,0.0117039586919105,0.003595828838547285,0.0020443925233644858,0.005434782608695652,0.009869468322190385,0.01186178442496132,0.004608294930875576,0.017474185861795076,0.009242144177449169,0.004380053908355795,0.011274934952298352,0.012752858399296393
"ASV_23",0.008541666666666666,0.027207255268071485,0.010380622837370242,0.0,0.0022148394241417496,0.004249893752656183,0.0028376844494892167,0.0117039586919105,0.001678053457988733,0.003066588785046729,0.004347826086956522,0.0,0.008337631081313392,0.0,0.015488482922954726,0.0034914766892585746,0.0023584905660377358,0.013587742122000578,0.018909410729991204
"ASV_24",0.0033333333333333335,0.0008002133902373967,0.011534025374855825,0.004711425206124852,0.0,0.003399915002124947,0.0022701475595913734,0.004819277108433735,0.00958887690279276,0.019129672897196262,0.009782608695652175,0.011142948105698823,0.0021488739900292248,0.004879371103280022,0.005559968228752979,0.0034914766892585746,0.014150943396226415,0.0037583116507661175,0.005277044854881266
"ASV_25",0.011458333333333333,0.0064017071218991735,0.0034602076124567475,0.01060070671378092,0.01107419712070875,0.007224819379515512,0.0,0.0,0.005513604219105837,0.006863317757009346,0.005163043478260869,0.010506208213944603,0.004555612858861956,0.0,0.027402700555996824,0.0073937153419593345,0.0,0.014744145706851692,0.010554089709762533
"ASV_26",0.011041666666666667,0.03334222459322486,0.0,0.0,0.0,0.0,0.0,0.0,0.0,0.0,0.0,0.0,0.021918514698298093,0.004608294930875576,0.011517077045274026,0.0063668104333538715,0.0,0.0,0.010334212840809147
"ASV_27",0.013958333333333333,0.017604694585222725,0.005190311418685121,0.0035335689045936395,0.008859357696566999,0.006799830004249894,0.0022701475595913734,0.006540447504302926,0.001198609612849095,0.001314252336448598,0.005298913043478261,0.009551098376313277,0.006274712050885336,0.0018975332068311196,0.015091342335186657,0.009242144177449169,0.0020215633423180594,0.008094825093957791,0.0079155672823219
"ASV_28",0.013333333333333334,0.013070152040544144,0.005478662053056517,0.0,0.0,0.006374840628984276,0.004256526674233825,0.008261617900172116,0.0027568021095529184,0.0018983644859813084,0.006521739130434782,0.0066857688634192934,0.006188757091284167,0.004879371103280022,0.008339952343129467,0.008420620250564798,0.0,0.010985834056085574,0.006816182937554969
"ASV_29",0.03166666666666667,0.009869298479594559,0.008362168396770472,0.004711425206124852,0.0,0.004249893752656183,0.0,0.003098106712564544,0.0040752726836869235,0.0014602803738317756,0.0033967391304347825,0.0,0.006962351727694688,0.00433721875847113,0.009134233518665607,0.00472376257958513,0.0020215633423180594,0.007227522405319456,0.003518029903254178
"ASV_30",0.004375,0.005601493731661776,0.014129181084198385,0.004122497055359246,0.010520487264673311,0.0025499362515937103,0.004540295119182747,0.007228915662650603,0.00479443845139638,0.005841121495327103,0.015217391304347827,0.022285896211397645,0.0026646037476362387,0.002439685551640011,0.0,0.00390223865270076,0.0,0.002023706273489448,0.0030782761653474055
"ASV_31",0.008333333333333333,0.012803414243798347,0.0,0.002355712603062426,0.0,0.0,0.0,0.0,0.0025170801869830997,0.0,0.0014945652173913044,0.0,0.008853360838920406,0.002439685551640011,0.016282764098490866,0.010063668104333538,0.005053908355795148,0.014744145706851692,0.01956904133685136
"ASV_32",0.006458333333333333,0.0234729261136303,0.0,0.0,0.0,0.0,0.0,0.0,0.0,0.0,0.0,0.0,0.014526388172597559,0.002168609379235565,0.005957108816521049,0.0036968576709796672,0.0,0.017635154668979473,0.019349164467897976
"ASV_33",0.0010416666666666667,0.0040010669511869835,0.008073817762399077,0.0,0.006090808416389812,0.0055248618784530384,0.00340522133938706,0.0037865748709122204,0.005034160373966199,0.0024824766355140185,0.007201086956521739,0.014645017510347023,0.007306171566099364,0.00433721875847113,0.012311358220810167,0.004929143561306223,0.0023584905660377358,0.006071118820468344,0.007036059806508356
"ASV_34",0.005416666666666667,0.007735396105628167,0.006343713956170703,0.005889281507656066,0.007751937984496124,0.0016999575010624734,0.0,0.00963855421686747,0.00491429941268129,0.006717289719626168,0.011141304347826087,0.008914358484559057,0.0031803335052432526,0.0018975332068311196,0.003971405877680699,0.005339905524748409,0.003032345013477089,0.0014455044810638912,0.0030782761653474055
"ASV_35",0.006458333333333333,0.017871432381968526,0.0,0.0,0.0,0.0,0.0,0.0,0.0,0.0,0.0,0.0,0.006446621970087674,0.004066142586066685,0.011119936457505957,0.010063668104333538,0.007412398921832884,0.009829430471234461,0.012752858399296393
"ASV_36",0.003958333333333334,0.0029341157642037877,0.0031718569780853517,0.0035335689045936395,0.0,0.005099872503187421,0.007094211123723042,0.0037865748709122204,0.00491429941268129,0.004234813084112149,0.005298913043478261,0.004775549188156638,0.005587072374075984,0.009758742206560044,0.006354249404289118,0.0036968576709796672,0.0023584905660377358,0.0011564035848511131,0.002418645558487247
"ASV_37",0.0016666666666666668,0.00480128034142438,0.002306805074971165,0.0,0.0,0.0,0.00170261066969353,0.002065404475043029,0.001438331535418914,0.0008761682242990654,0.002989130434782609,0.0028653295128939827,0.006016847172081829,0.005421523448088913,0.013899920571882446,0.0063668104333538715,0.010107816711590296,0.010985834056085574,0.011433597185576077
"ASV_38",0.002916666666666667,0.00480128034142438,0.003748558246828143,0.004122497055359246,0.005537098560354375,0.0,0.00170261066969353,0.0068846815834767644,0.0037156897998321947,0.002628504672897196,0.005027173913043478,0.009869468322190385,0.006016847172081829,0.0018975332068311196,0.005957108816521049,0.0036968576709796672,0.0026954177897574125,0.005203816131830009,0.006156552330694811
"ASV_39",0.0010416666666666667,0.018138170178714323,0.002018454440599769,0.0,0.0,0.0,0.0,0.0034423407917383822,0.0010787486515641855,0.0021904205607476634,0.004076086956521739,0.004775549188156638,0.0044696578992607875,0.002439685551640011,0.018268467037331215,0.004518381597864038,0.0026954177897574125,0.004336513443191674,0.005936675461741424
"ASV_40",0.006458333333333333,0.011202987463323552,0.0,0.0,0.0,0.0,0.0,0.001376936316695353,0.001198609612849095,0.0005841121495327102,0.0009510869565217392,0.0,0.01186178442496132,0.0,0.003574265289912629,0.008420620250564798,0.003706199460916442,0.0037583116507661175,0.004617414248021108
"ASV_41",0.0016666666666666668,0.00480128034142438,0.005190311418685121,0.0,0.007751937984496124,0.0021249468763280916,0.0,0.004475043029259896,0.004314994606256742,0.004672897196261682,0.008152173913043478,0.005093919134033747,0.005415162454873646,0.0,0.0023828435266084196,0.0014376668720476485,0.0023584905660377358,0.003180109858340561,0.0032981530343007917
"ASV_42",0.0077083333333333335,0.011469725260069352,0.0,0.0,0.0,0.0,0.0022701475595913734,0.0,0.0,0.0,0.0,0.0,0.0110881897885508,0.002439685551640011,0.003177124702144559,0.004518381597864038,0.0026954177897574125,0.01185313674472391,0.005057167985927881
"ASV_43",0.0033333333333333335,0.008802347292611363,0.008073817762399077,0.0,0.0027685492801771874,0.0021249468763280916,0.0,0.004475043029259896,0.003595828838547285,0.0032126168224299065,0.002989130434782609,0.004138809296402419,0.0036101083032490976,0.002439685551640011,0.005957108816521049,0.004518381597864038,0.0020215633423180594,0.006071118820468344,0.005057167985927881
"ASV_44",0.0025,0.005334755934915978,0.0,0.0,0.0,0.0,0.0,0.0,0.0020376363418434617,0.0,0.0,0.0,0.0035241533436479286,0.0013553808620222283,0.007545671167593328,0.005750667488190594,0.006401617250673854,0.014455044810638912,0.021547933157431837
"ASV_45",0.00875,0.013603627634035742,0.003748558246828143,0.0,0.0027685492801771874,0.0,0.0,0.006196213425129088,0.001198609612849095,0.0016063084112149532,0.004891304347826087,0.0057306590257879654,0.006188757091284167,0.00623475196530225,0.0,0.0,0.0,0.0026019080659150044,0.0
"ASV_46",0.009375,0.010936249666577753,0.0,0.0,0.0,0.0,0.0,0.0,0.0,0.0,0.001358695652173913,0.0,0.008079766202509884,0.0,0.018268467037331215,0.0,0.0,0.01011853136744724,0.0079155672823219
"ASV_47",0.01625,0.011469725260069352,0.0,0.0,0.0,0.0,0.000851305334846765,0.0,0.0027568021095529184,0.0,0.0,0.0,0.007048306687295857,0.004066142586066685,0.0,0.0010269049086054631,0.005390835579514825,0.0028910089621277824,0.006376429199648197
"ASV_48",0.0,0.0,0.004901960784313725,0.004122497055359246,0.0,0.008499787505312367,0.0031214528944381384,0.012048192771084338,0.009109433057653122,0.008761682242990653,0.005570652173913043,0.01177968799745304,0.0,0.0,0.0,0.0,0.0,0.0,0.0
"ASV_49",0.000625,0.002667377967457989,0.0017301038062283738,0.004122497055359246,0.003875968992248062,0.003399915002124947,0.004824063564131668,0.0017211703958691911,0.0038355507611171043,0.0018983644859813084,0.001358695652173913,0.0025469595670168737,0.0041258380608561115,0.01002981837896449,0.0019857029388403494,0.004313000616142945,0.00774932614555256,0.005203816131830009,0.005057167985927881
"ASV_50",0.0,0.0,0.013552479815455595,0.00530035335689046,0.013842746400885935,0.011049723756906077,0.008229284903518728,0.022375215146299483,0.003356106915977466,0.0011682242990654205,0.0,0.0,0.0,0.0,0.0,0.0018484288354898336,0.0,0.004914715235617231,0.004617414248021108
"ASV_51",0.0,0.0,0.007785467128027681,0.01060070671378092,0.01273532668881506,0.0055248618784530384,0.004256526674233825,0.0017211703958691911,0.006352630948100204,0.012266355140186916,0.00421195652173913,0.004138809296402419,0.0,0.0,0.0,0.0,0.0,0.0,0.0
"ASV_52",0.008333333333333333,0.00960256068284876,0.0,0.002944640753828033,0.0,0.0,0.0,0.0,0.002157497303128371,0.0,0.0,0.0,0.004039883101254942,0.0,0.007148530579825258,0.008831382214006983,0.003032345013477089,0.006071118820468344,0.008135444151275286
"ASV_53",0.016666666666666666,0.0032008535609495867,0.0057670126874279125,0.0,0.010520487264673311,0.005099872503187421,0.0,0.0,0.0,0.0014602803738317756,0.0012228260869565218,0.0,0.0028365136668385767,0.0,0.004368546465448769,0.0020538098172109263,0.003032345013477089,0.004625614339404453,0.0030782761653474055
"ASV_54",0.0,0.008002133902373967,0.0011534025374855825,0.0,0.0027685492801771874,0.0,0.0022701475595913734,0.0034423407917383822,0.0,0.001314252336448598,0.001766304347826087,0.0038204393505253103,0.006274712050885336,0.002439685551640011,0.005162827640984908,0.0026699527623742043,0.0,0.008094825093957791,0.005936675461741424
"ASV_55",0.00375,0.005068018138170179,0.0034602076124567475,0.002944640753828033,0.0,0.0,0.0014188422247446084,0.004130808950086058,0.001438331535418914,0.002336448598130841,0.006657608695652174,0.0070041388092964025,0.0033522434244455906,0.0018975332068311196,0.0027799841143764893,0.0018484288354898336,0.0,0.003180109858340561,0.0010993843447669306
"ASV_56",0.002916666666666667,0.005601493731661776,0.008362168396770472,0.0,0.013842746400885935,0.0,0.0022701475595913734,0.006540447504302926,0.001198609612849095,0.004964953271028037,0.0025815217391304346,0.0066857688634192934,0.0,0.0,0.0,0.0,0.0023584905660377358,0.0037583116507661175,0.004617414248021108
"ASV_57",0.010625,0.011469725260069352,0.0,0.0,0.0,0.0,0.0,0.0,0.0,0.0,0.0,0.0,0.005329207495272477,0.0018975332068311196,0.009134233518665607,0.005956048469911686,0.005390835579514825,0.0,0.0
"ASV_58",0.0,0.0010669511869831954,0.008073817762399077,0.0,0.007751937984496124,0.0,0.0014188422247446084,0.002753872633390706,0.0029965240321227376,0.0032126168224299065,0.009782608695652175,0.015600127347978351,0.0,0.0,0.0,0.0,0.0,0.0,0.0
"ASV_59",0.002916666666666667,0.009069085089357162,0.0,0.0,0.0,0.0,0.0,0.0,0.0,0.0,0.0,0.0,0.005415162454873646,0.0,0.011119936457505957,0.008420620250564798,0.0,0.007227522405319456,0.0032981530343007917
"ASV_60",0.0,0.0008002133902373967,0.010957324106113034,0.0,0.010520487264673311,0.0,0.0,0.0034423407917383822,0.0019177753805585522,0.0024824766355140185,0.010326086956521738,0.012098057943330149,0.00025786487880350697,0.0,0.0,0.0,0.0,0.0,0.0
"ASV_61",0.024791666666666667,0.0,0.0011534025374855825,0.0,0.0011074197120708748,0.0025499362515937103,0.003972758229284903,0.0,0.0026369411482680093,0.004526869158878504,0.001358695652173913,0.0019102196752626551,0.0,0.0,0.0,0.0,0.0,0.0,0.0
"ASV_62",0.0022916666666666667,0.002667377967457989,0.0,0.0,0.0,0.0,0.0019863791146424517,0.0024096385542168677,0.006951935754524751,0.0024824766355140185,0.002989130434782609,0.0,0.0015471892728210418,0.0,0.0027799841143764893,0.0073937153419593345,0.0,0.0017346053772766695,0.0028583992963940193
"ASV_63",0.0008333333333333334,0.002667377967457989,0.00461361014994233,0.0,0.007751937984496124,0.003824904377390565,0.0,0.004130808950086058,0.0,0.0,0.00828804347826087,0.0057306590257879654,0.0022348289496303938,0.0,0.003574265289912629,0.0024645717806531116,0.003032345013477089,0.0,0.002418645558487247
"ASV_64",0.0060416666666666665,0.004534542544678581,0.002018454440599769,0.0,0.004429678848283499,0.003824904377390565,0.0014188422247446084,0.002753872633390706,0.001438331535418914,0.0020443925233644858,0.003125,0.003183699458771092,0.0022348289496303938,0.0,0.004765687053216839,0.0030807147258163892,0.0,0.0017346053772766695,0.001978891820580475
"ASV_65",0.002916666666666667,0.0032008535609495867,0.0005767012687427913,0.0,0.006090808416389812,0.0,0.002553916004540295,0.00585197934595525,0.0026369411482680093,0.0016063084112149532,0.0009510869565217392,0.0,0.0033522434244455906,0.0,0.005162827640984908,0.0020538098172109263,0.0,0.004047412546978896,0.005716798592788039
"ASV_66",0.0010416666666666667,0.0029341157642037877,0.0,0.0,0.0,0.0,0.00170261066969353,0.003098106712564544,0.0005993048064245475,0.0,0.0010869565217391304,0.0,0.0015471892728210418,0.005150447275684467,0.003574265289912629,0.005545286506469501,0.005053908355795148,0.009251228678808905,0.009454705364995602
"ASV_67",0.000625,0.0040010669511869835,0.002018454440599769,0.0,0.0,0.0,0.0022701475595913734,0.006540447504302926,0.0019177753805585522,0.0007301401869158878,0.0016304347826086956,0.0038204393505253103,0.0027505587072374077,0.0,0.004368546465448769,0.003286095707537482,0.0013477088948787063,0.003469210754553339,0.0043975373790677225
"ASV_68",0.002916666666666667,0.0,0.0,0.0,0.0,0.0,0.0,0.0,0.0013184705741340046,0.0029205607476635513,0.0020380434782608695,0.0,0.0023207839092315627,0.0013553808620222283,0.008339952343129467,0.0034914766892585746,0.0033692722371967657,0.004625614339404453,0.007695690413368514
"ASV_69",0.007916666666666667,0.00960256068284876,0.0,0.0,0.0,0.0,0.0,0.0,0.0009588876902792761,0.0010221962616822429,0.0020380434782608695,0.0,0.007134261646897026,0.0,0.0,0.0,0.0,0.0,0.0
"ASV_70",0.005416666666666667,0.00240064017071219,0.0,0.0,0.0027685492801771874,0.0,0.0,0.004475043029259896,0.0,0.0,0.0,0.0,0.0036960632628502666,0.0,0.004765687053216839,0.006572191415074964,0.0023584905660377358,0.004625614339404453,0.005057167985927881
"ASV_71",0.003125,0.0,0.0031718569780853517,0.012956419316843345,0.0033222591362126247,0.006799830004249894,0.0,0.0,0.00239721922569819,0.007447429906542056,0.0025815217391304346,0.0035020694046482012,0.00017190991920233798,0.002168609379235565,0.0,0.0,0.0,0.0,0.0
"ASV_72",0.00125,0.002133902373966391,0.002306805074971165,0.00530035335689046,0.006090808416389812,0.0,0.004824063564131668,0.0,0.004195133644971833,0.0029205607476635513,0.0020380434782608695,0.0,0.0018050541516245488,0.0010843046896177825,0.0019857029388403494,0.0020538098172109263,0.0,0.0014455044810638912,0.0013192612137203166
"ASV_73",0.004583333333333333,0.0008002133902373967,0.004036908881199538,0.0,0.0016611295681063123,0.0,0.0014188422247446084,0.0010327022375215145,0.0008390267289943665,0.0018983644859813084,0.0,0.0009551098376313276,0.0024926938284339007,0.00433721875847113,0.003971405877680699,0.0018484288354898336,0.0057277628032345014,0.002023706273489448,0.0030782761653474055
"ASV_74",0.0,0.007735396105628167,0.0014417531718569781,0.002355712603062426,0.0016611295681063123,0.003399915002124947,0.000851305334846765,0.0,0.0017979144192736426,0.0021904205607476634,0.0008152173913043478,0.0,0.00042977479800584495,0.0035239902412577935,0.006354249404289118,0.002875333744095297,0.006064690026954178,0.0037583116507661175,0.0015391380826737027
"ASV_75",0.004375,0.0,0.002306805074971165,0.0035335689045936395,0.0,0.0,0.0,0.0037865748709122204,0.001678053457988733,0.0021904205607476634,0.007744565217391305,0.006367398917542184,0.0016331442324222108,0.0,0.0,0.0,0.0,0.0,0.0
"ASV_76",0.0,0.0,0.0,0.0,0.006090808416389812,0.0021249468763280916,0.0,0.004130808950086058,0.0040752726836869235,0.0007301401869158878,0.0,0.00795924864692773,0.0,0.0,0.0,0.0,0.0,0.007516623301532235,0.011213720316622692
"ASV_77",0.0008333333333333334,0.004267804747932782,0.002306805074971165,0.0,0.004429678848283499,0.0,0.0,0.0034423407917383822,0.0038355507611171043,0.0011682242990654205,0.0024456521739130437,0.0035020694046482012,0.0009455045556128589,0.0013553808620222283,0.003177124702144559,0.0018484288354898336,0.003032345013477089,0.0028910089621277824,0.0
"ASV_78",0.0,0.0,0.0,0.0,0.0,0.0,0.0,0.011359724612736662,0.002157497303128371,0.0018983644859813084,0.001358695652173913,0.0,0.0,0.0,0.0,0.0,0.0020215633423180594,0.012720439433362244,0.007695690413368514
"ASV_79",0.0035416666666666665,0.0037343291544411844,0.0,0.0088339222614841,0.0,0.0,0.0,0.007228915662650603,0.003116384993407647,0.0017523364485981308,0.0019021739130434783,0.0,0.0030943785456420837,0.0,0.0,0.0,0.0,0.0,0.0
"ASV_80",0.0,0.0,0.003748558246828143,0.002355712603062426,0.005537098560354375,0.0,0.0028376844494892167,0.004130808950086058,0.0,0.003066588785046729,0.004076086956521739,0.007640878701050621,0.0007735946364105209,0.0,0.003177124702144559,0.0010269049086054631,0.0,0.0,0.0008795074758135445
"ASV_81",0.0,0.0,0.002018454440599769,0.0,0.0027685492801771874,0.004249893752656183,0.0028376844494892167,0.004130808950086058,0.0010787486515641855,0.0029205607476635513,0.005298913043478261,0.003183699458771092,0.0007735946364105209,0.0,0.0019857029388403494,0.0020538098172109263,0.0,0.0,0.0
"ASV_82",0.0,0.010136036276340358,0.0,0.0,0.0,0.0,0.0,0.0,0.0,0.0,0.0,0.0,0.006016847172081829,0.0,0.0,0.0,0.0020215633423180594,0.008673026886383347,0.0
"ASV_83",0.007291666666666667,0.008802347292611363,0.0,0.0,0.0,0.0,0.0,0.0,0.0,0.0,0.0,0.0,0.0038679731820526046,0.0027107617240444567,0.005957108816521049,0.0,0.0,0.0,0.0
"ASV_84",0.0,0.0010669511869831954,0.002018454440599769,0.0,0.0016611295681063123,0.0,0.0014188422247446084,0.004130808950086058,0.0013184705741340046,0.0011682242990654205,0.002989130434782609,0.0035020694046482012,0.0015471892728210418,0.0013553808620222283,0.0023828435266084196,0.0012322858903265558,0.0,0.0014455044810638912,0.001759014951627089
"ASV_85",0.0,0.0,0.005478662053056517,0.0,0.003875968992248062,0.003399915002124947,0.0,0.0051635111876075735,0.003595828838547285,0.0017523364485981308,0.0,0.0025469595670168737,0.0019769640708268868,0.0,0.0,0.0,0.0,0.0,0.0
"ASV_86",0.0035416666666666665,0.006134969325153374,0.0,0.0,0.0,0.0,0.0,0.0,0.0,0.0,0.0,0.0,0.0024926938284339007,0.0,0.0,0.002259190798932019,0.003706199460916442,0.004336513443191674,0.0021987686895338612
"ASV_87",0.0,0.0,0.0025951557093425604,0.0,0.0049833887043189366,0.0,0.0,0.0024096385542168677,0.0008390267289943665,0.0011682242990654205,0.0033967391304347825,0.004138809296402419,0.0008595495960116899,0.0029818378964489023,0.0,0.0020538098172109263,0.0,0.0,0.0
"ASV_88",0.0,0.0,0.004036908881199538,0.0035335689045936395,0.0022148394241417496,0.0025499362515937103,0.0028376844494892167,0.0037865748709122204,0.0008390267289943665,0.0020443925233644858,0.002717391304347826,0.003183699458771092,0.0,0.0,0.0019857029388403494,0.0,0.0,0.0,0.0
"ASV_89",0.0,0.0,0.0,0.0,0.0,0.0,0.0,0.007917383820998278,0.0,0.0,0.0,0.0,0.0,0.0,0.017871326449563147,0.006982953378517149,0.0,0.0,0.0
"ASV_90",0.0014583333333333334,0.004267804747932782,0.0,0.0,0.0,0.0,0.0,0.0037865748709122204,0.0,0.0,0.0,0.0,0.0035241533436479286,0.0,0.0,0.002259190798932019,0.0,0.003180109858340561,0.0
"ASV_91",0.0027083333333333334,0.0,0.0,0.0,0.0,0.0,0.0,0.002065404475043029,0.0,0.0,0.0006793478260869565,0.0,0.0012033694344163659,0.0,0.0,0.004518381597864038,0.0,0.003180109858340561,0.005496921723834653
"ASV_92",0.00125,0.005334755934915978,0.0028835063437139563,0.0,0.0,0.0,0.0,0.0010327022375215145,0.0,0.0,0.0023097826086956523,0.0028653295128939827,0.0013752793536187038,0.000813228517213337,0.0,0.0008215239268843705,0.0006738544474393531,0.0014455044810638912,0.0
"ASV_93",0.000625,0.0016004267804747934,0.0,0.0,0.0,0.0,0.0,0.0,0.0,0.0,0.0,0.0,0.0019769640708268868,0.0005421523448088912,0.0,0.003286095707537482,0.0020215633423180594,0.0066493206128939,0.003518029903254178
"ASV_94",0.0,0.0,0.0,0.0,0.0,0.0,0.0,0.0024096385542168677,0.001438331535418914,0.0035046728971962616,0.005298913043478261,0.0035020694046482012,0.0,0.0,0.0,0.0,0.0,0.0,0.0
"ASV_95",0.0016666666666666668,0.0016004267804747934,0.0,0.004122497055359246,0.0,0.0,0.0,0.0,0.0,0.0010221962616822429,0.0008152173913043478,0.0,0.0026646037476362387,0.002168609379235565,0.0,0.0,0.0,0.0023128071697022263,0.002418645558487247
"ASV_96",0.0,0.0,0.0,0.0,0.0,0.0,0.0,0.00585197934595525,0.0,0.0020443925233644858,0.0,0.0,0.0015471892728210418,0.0,0.0,0.002875333744095297,0.0,0.0,0.006376429199648197
"ASV_97",0.0,0.0,0.002018454440599769,0.0,0.0,0.0021249468763280916,0.0,0.0,0.0017979144192736426,0.0,0.0025815217391304346,0.003183699458771092,0.0,0.0,0.004368546465448769,0.0024645717806531116,0.0,0.0,0.002638522427440633
"ASV_98",0.0,0.0,0.0,0.0,0.0,0.0,0.0,0.004130808950086058,0.0019177753805585522,0.0005841121495327102,0.004619565217391305,0.007640878701050621,0.0,0.0,0.0,0.0,0.0,0.0,0.0
"ASV_99",0.0,0.0,0.0031718569780853517,0.0,0.0022148394241417496,0.0021249468763280916,0.0011350737797956867,0.0034423407917383822,0.0,0.0021904205607476634,0.0023097826086956523,0.0019102196752626551,0.0006016847172081829,0.0,0.0,0.0010269049086054631,0.0,0.0014455044810638912,0.0
"ASV_100",0.0,0.0,0.0,0.0,0.0,0.0,0.0,0.0,0.0,0.0,0.0010869565217391304,0.0006367398917542184,0.0030084235860409147,0.005150447275684467,0.005559968228752979,0.0020538098172109263,0.0,0.0,0.0
"ASV_101",0.0,0.0,0.0,0.00530035335689046,0.0,0.004249893752656183,0.003972758229284903,0.0034423407917383822,0.0013184705741340046,0.0014602803738317756,0.0005434782608695652,0.0019102196752626551,0.0,0.0,0.0,0.0,0.0006738544474393531,0.003180109858340561,0.0
"ASV_102",0.0,0.0,0.0,0.0,0.0,0.0,0.0,0.0,0.0,0.0,0.0,0.0,0.0019769640708268868,0.0013553808620222283,0.0027799841143764893,0.005339905524748409,0.0020215633423180594,0.003180109858340561,0.0013192612137203166
"ASV_103",0.006875,0.0029341157642037877,0.0,0.0,0.0,0.0,0.0,0.0,0.0,0.0,0.0,0.0,0.0030943785456420837,0.0,0.0,0.0,0.0,0.0,0.0
"ASV_104",0.003958333333333334,0.0037343291544411844,0.0,0.0,0.0,0.0,0.0,0.0024096385542168677,0.000719165767709457,0.0,0.0,0.0,0.0022348289496303938,0.0,0.0,0.0012322858903265558,0.0,0.0,0.0
"ASV_105",0.0016666666666666668,0.0010669511869831954,0.0,0.0,0.0,0.0008499787505312367,0.0,0.0,0.001198609612849095,0.0008761682242990654,0.0012228260869565218,0.0025469595670168737,0.0007735946364105209,0.0,0.0,0.0012322858903265558,0.0,0.0026019080659150044,0.0015391380826737027
"ASV_106",0.0020833333333333333,0.0,0.0008650519031141869,0.0035335689045936395,0.0,0.0,0.0014188422247446084,0.0051635111876075735,0.001438331535418914,0.0016063084112149532,0.0009510869565217392,0.001591849729385546,0.00025786487880350697,0.0,0.0,0.0,0.0,0.0,0.0
"ASV_107",0.0008333333333333334,0.0013336889837289945,0.0,0.0,0.0,0.0,0.0,0.004130808950086058,0.001438331535418914,0.0,0.0,0.0025469595670168737,0.0006876396768093519,0.0,0.0023828435266084196,0.002259190798932019,0.0,0.0026019080659150044,0.0
"ASV_108",0.0,0.0,0.002306805074971165,0.0,0.0,0.0,0.0,0.003098106712564544,0.0009588876902792761,0.0011682242990654205,0.0036684782608695653,0.004775549188156638,0.0,0.0,0.0,0.0,0.0,0.0,0.0
"ASV_109",0.0033333333333333335,0.002667377967457989,0.0,0.0,0.0,0.0,0.0,0.0,0.0,0.0,0.0,0.0,0.0015471892728210418,0.0018975332068311196,0.0,0.0010269049086054631,0.0,0.0,0.001978891820580475
"ASV_110",0.000625,0.0018671645772205922,0.0014417531718569781,0.0,0.0,0.0,0.0,0.0,0.0,0.0,0.0012228260869565218,0.0,0.0006016847172081829,0.0,0.003177124702144559,0.0,0.0006738544474393531,0.004625614339404453,0.001759014951627089
"ASV_111",0.0,0.002667377967457989,0.0,0.0,0.0,0.0,0.00170261066969353,0.0,0.0010787486515641855,0.0,0.0028532608695652174,0.0025469595670168737,0.0,0.0,0.0,0.0,0.0,0.003180109858340561,0.0
"ASV_112",0.0,0.0,0.0,0.0,0.0,0.0,0.000851305334846765,0.0,0.00023972192256981902,0.0,0.0002717391304347826,0.0,0.00034381983840467596,0.0013553808620222283,0.0,0.0030807147258163892,0.004380053908355795,0.002023706273489448,0.0030782761653474055
"ASV_113",0.0,0.0,0.0,0.0,0.0,0.0,0.0,0.0037865748709122204,0.001438331535418914,0.0016063084112149532,0.0014945652173913044,0.0025469595670168737,0.0,0.0,0.0,0.0024645717806531116,0.0,0.0,0.0
"ASV_114",0.00375,0.0018671645772205922,0.0,0.0,0.0,0.0,0.0,0.0037865748709122204,0.0,0.0,0.0,0.0,0.0007735946364105209,0.0,0.003177124702144559,0.0,0.0,0.0008673026886383347,0.0015391380826737027
"ASV_115",0.0,0.0,0.0034602076124567475,0.0,0.0,0.0,0.0,0.0,0.0,0.0,0.0023097826086956523,0.0,0.0,0.0,0.0,0.0,0.0,0.004047412546978896,0.0043975373790677225
"ASV_116",0.0,0.0,0.0014417531718569781,0.0,0.0033222591362126247,0.0,0.0,0.0,0.0,0.0018983644859813084,0.003125,0.0012734797835084368,0.00042977479800584495,0.0,0.0,0.0,0.0,0.0011564035848511131,0.0
"ASV_117",0.0,0.0,0.0,0.0,0.0,0.0,0.0,0.0,0.0,0.0,0.0,0.0,0.0049853876568678014,0.0,0.0,0.0,0.0,0.0,0.0
"ASV_118",0.0,0.0,0.0028835063437139563,0.0,0.0,0.0,0.0,0.0,0.0010787486515641855,0.0,0.003260869565217391,0.004457179242279528,0.0,0.0,0.0,0.0,0.0,0.0,0.0
"ASV_119",0.0,0.0,0.0014417531718569781,0.0,0.0,0.0,0.000851305334846765,0.0,0.0,0.0014602803738317756,0.0020380434782608695,0.0,0.0,0.0,0.0,0.0,0.0,0.0028910089621277824,0.0030782761653474055
"ASV_120",0.002916666666666667,0.0018671645772205922,0.0,0.0,0.0,0.0016999575010624734,0.0,0.0,0.0,0.0005841121495327102,0.0002717391304347826,0.0009551098376313276,0.0005157297576070139,0.0,0.0,0.0,0.0020215633423180594,0.0,0.0015391380826737027
"ASV_121",0.001875,0.0018671645772205922,0.0,0.0,0.0,0.0,0.000851305334846765,0.0,0.0,0.0007301401869158878,0.0,0.0,0.0009455045556128589,0.0,0.0007942811755361397,0.0010269049086054631,0.0,0.0014455044810638912,0.0010993843447669306
"ASV_122",0.0,0.0,0.0017301038062283738,0.0,0.0,0.0,0.0,0.0,0.0,0.0,0.0,0.0,0.0032662884648444216,0.0,0.003177124702144559,0.0,0.0,0.0,0.0
"ASV_123",0.003125,0.0,0.0,0.0,0.0,0.0,0.0,0.0,0.0,0.0,0.0,0.0,0.0012893243940175349,0.0,0.0,0.0,0.0,0.0023128071697022263,0.0028583992963940193
"ASV_124",0.0,0.0,0.0,0.0017667844522968198,0.004429678848283499,0.0,0.0036889897843359817,0.0,0.001678053457988733,0.001314252336448598,0.0005434782608695652,0.0,0.0,0.0,0.0,0.0,0.0,0.0,0.0
"ASV_125",0.0008333333333333334,0.002133902373966391,0.0,0.0,0.0,0.0,0.000851305334846765,0.0,0.00047944384513963804,0.0,0.0008152173913043478,0.0,0.0007735946364105209,0.0,0.0011914217633042098,0.0006161429451632779,0.0,0.0,0.0010993843447669306
"ASV_126",0.0,0.0,0.0,0.0,0.0,0.0,0.0,0.0,0.0,0.0018983644859813084,0.0023097826086956523,0.004775549188156638,0.0,0.0,0.0,0.0,0.0,0.0,0.0
"ASV_127",0.0014583333333333334,0.0008002133902373967,0.0,0.0,0.0,0.0029749256268593286,0.0019863791146424517,0.0017211703958691911,0.0,0.0,0.0010869565217391304,0.002228589621139764,0.0,0.0,0.0,0.0,0.0,0.0,0.0
"ASV_128",0.0014583333333333334,0.0,0.0,0.0017667844522968198,0.0,0.0008499787505312367,0.0014188422247446084,0.0,0.0003595828838547285,0.0005841121495327102,0.0008152173913043478,0.0019102196752626551,0.00042977479800584495,0.0,0.0,0.00041076196344218524,0.0,0.0,0.0
"ASV_129",0.0,0.0008002133902373967,0.0,0.0,0.0,0.0,0.0,0.0,0.0,0.0,0.0,0.0,0.0006016847172081829,0.0,0.003574265289912629,0.001643047853768741,0.0,0.0,0.0032981530343007917
"ASV_130",0.0,0.0,0.002018454440599769,0.0,0.0,0.0,0.0,0.0,0.0,0.0,0.0,0.003183699458771092,0.0,0.0,0.0,0.0051345245430273155,0.0,0.0,0.0
"ASV_131",0.001875,0.0,0.0,0.0,0.0,0.0,0.0,0.0017211703958691911,0.0,0.0011682242990654205,0.0023097826086956523,0.0,0.0,0.0,0.0,0.0,0.0,0.0,0.0
"ASV_132",0.0010416666666666667,0.0,0.0,0.0,0.0,0.0,0.0,0.0,0.0010787486515641855,0.0007301401869158878,0.0,0.0,0.0006876396768093519,0.0,0.0,0.0,0.0,0.0011564035848511131,0.001759014951627089
"ASV_133",0.0,0.0,0.0,0.0,0.0,0.0,0.00170261066969353,0.0,0.0013184705741340046,0.0,0.0008152173913043478,0.0,0.0,0.0027107617240444567,0.0011914217633042098,0.0,0.0,0.0,0.0
"ASV_134",0.0,0.0,0.0,0.0,0.0,0.0,0.0,0.0,0.0,0.0,0.0,0.0,0.0030943785456420837,0.0,0.0,0.0,0.0,0.0,0.0
"ASV_135",0.0,0.0,0.0008650519031141869,0.0,0.0,0.0,0.000851305334846765,0.0006884681583476765,0.0005993048064245475,0.0010221962616822429,0.0009510869565217392,0.0012734797835084368,0.00025786487880350697,0.0,0.0,0.0,0.0,0.0,0.0
"ASV_136",0.0,0.0,0.0,0.0,0.0,0.0,0.0,0.0,0.0,0.0,0.001766304347826087,0.0012734797835084368,0.0014612343132198728,0.0,0.0,0.0,0.0,0.0,0.0
"ASV_137",0.0,0.0,0.0,0.0,0.0,0.0,0.0,0.0,0.0,0.0,0.0,0.0,0.0017190991920233798,0.0,0.0,0.0008215239268843705,0.0,0.0,0.0021987686895338612
"ASV_138",0.004166666666666667,0.0,0.0,0.0,0.0,0.0,0.0,0.0,0.0,0.001314252336448598,0.0005434782608695652,0.0,0.0,0.0,0.0,0.0,0.0,0.0,0.0
"ASV_139",0.0,0.0,0.0,0.0,0.0,0.0,0.000851305334846765,0.0,0.00047944384513963804,0.0020443925233644858,0.0012228260869565218,0.0,0.0,0.0,0.0,0.0006161429451632779,0.0,0.0,0.0
"ASV_140",0.0,0.0,0.0,0.0,0.0,0.0,0.0,0.0,0.0,0.0,0.0,0.0,0.0,0.0,0.0,0.0,0.0,0.0,0.007255936675461741
"ASV_141",0.001875,0.0,0.0,0.0,0.0,0.0,0.0,0.0,0.0,0.0,0.0,0.0,0.0007735946364105209,0.0,0.0,0.0,0.0013477088948787063,0.0023128071697022263,0.0
"ASV_142",0.0,0.0,0.0,0.0,0.0,0.0,0.0,0.0,0.0,0.0,0.0024456521739130437,0.0,0.0010314595152140279,0.0,0.0,0.0,0.0,0.0,0.0
"ASV_143",0.0016666666666666668,0.0,0.0,0.002944640753828033,0.0,0.0,0.0,0.0,0.0,0.001314252336448598,0.0,0.0,0.0,0.0018975332068311196,0.0,0.0,0.0,0.0,0.0
"ASV_144",0.001875,0.0,0.0,0.0,0.0,0.0,0.0,0.0,0.0,0.0,0.0,0.0,0.0,0.0,0.0,0.0012322858903265558,0.0,0.0008673026886383347,0.001978891820580475
"ASV_145",0.0,0.0010669511869831954,0.0,0.0,0.0,0.0,0.0,0.0,0.0,0.0,0.0,0.0,0.0008595495960116899,0.0,0.0,0.0008215239268843705,0.0,0.0008673026886383347,0.0008795074758135445
"ASV_146",0.0,0.0,0.0,0.0,0.0,0.0,0.0,0.0,0.0,0.0,0.0,0.0,0.0,0.0,0.0,0.00041076196344218524,0.0020215633423180594,0.0011564035848511131,0.0028583992963940193
"ASV_147",0.0,0.0,0.0,0.0,0.0,0.0,0.0,0.0017211703958691911,0.0003595828838547285,0.0008761682242990654,0.001358695652173913,0.0,0.0,0.0,0.0,0.0,0.0,0.0,0.0
"ASV_148",0.000625,0.0,0.0,0.0,0.0,0.0,0.0,0.001376936316695353,0.0,0.0,0.0005434782608695652,0.0,0.00025786487880350697,0.0,0.0,0.0018484288354898336,0.0,0.0,0.0
"ASV_149",0.0,0.0005334755934915977,0.0005767012687427913,0.0,0.0,0.0,0.0,0.0,0.00047944384513963804,0.0,0.0,0.0,0.00042977479800584495,0.0,0.0011914217633042098,0.0008215239268843705,0.0,0.0008673026886383347,0.0
"ASV_150",0.0,0.0,0.0,0.0,0.0,0.0,0.0,0.0,0.0015581924967038236,0.0,0.001358695652173913,0.0,0.0,0.0,0.0,0.0,0.0,0.0,0.0
"ASV_151",0.0,0.0,0.0,0.0,0.0,0.0,0.0,0.0,0.0008390267289943665,0.0,0.0,0.0,0.0,0.0,0.0,0.0014376668720476485,0.0,0.0,0.001978891820580475
"ASV_152",0.0,0.0,0.0,0.0,0.0,0.0,0.0,0.0,0.0,0.0,0.0,0.0,0.0014612343132198728,0.0,0.0,0.0012322858903265558,0.0,0.0,0.0
"ASV_153",0.0,0.0,0.0,0.0,0.0,0.0,0.0,0.0,0.0,0.0,0.0,0.0,0.0,0.0,0.0,0.0,0.0,0.002023706273489448,0.003518029903254178
"ASV_154",0.001875,0.0013336889837289945,0.0,0.0,0.0,0.0,0.0,0.0,0.0,0.0,0.0,0.0,0.0006876396768093519,0.0,0.0,0.0,0.0,0.0,0.0
"ASV_155",0.0010416666666666667,0.0,0.0008650519031141869,0.0,0.0,0.0,0.0,0.0006884681583476765,0.0,0.0004380841121495327,0.0008152173913043478,0.0006367398917542184,0.0,0.0,0.0,0.0,0.0,0.0,0.0
"ASV_156",0.0,0.005601493731661776,0.0,0.0,0.0,0.0,0.0,0.0,0.0,0.0,0.0,0.0,0.0,0.0,0.0,0.0,0.0,0.0,0.0
"ASV_157",0.0,0.0,0.0,0.0,0.0,0.0,0.0,0.0,0.001198609612849095,0.0008761682242990654,0.0006793478260869565,0.0,0.0,0.0,0.0,0.0,0.0,0.0,0.0
"ASV_158",0.0,0.0,0.0,0.0,0.0,0.0,0.0,0.0,0.0,0.0,0.0,0.0,0.00042977479800584495,0.0,0.0,0.0,0.0006738544474393531,0.0,0.0030782761653474055
"ASV_159",0.0,0.0,0.0,0.002355712603062426,0.0,0.0,0.0,0.0,0.0,0.0,0.0,0.005093919134033747,0.0,0.0,0.0,0.0,0.0,0.0,0.0
"ASV_160",0.0,0.00240064017071219,0.0,0.0,0.0,0.0,0.0,0.0,0.0,0.0,0.0,0.0,0.0,0.0,0.0,0.0,0.0,0.0028910089621277824,0.0
"ASV_161",0.0,0.0005334755934915977,0.0,0.0,0.0,0.0,0.0,0.0010327022375215145,0.0,0.0,0.0,0.0,0.00025786487880350697,0.0,0.0,0.0006161429451632779,0.0,0.0008673026886383347,0.0010993843447669306
"ASV_162",0.0,0.0,0.0014417531718569781,0.0,0.0,0.0,0.0,0.0,0.0009588876902792761,0.0008761682242990654,0.0,0.0,0.0,0.0,0.0,0.0,0.0,0.0,0.0
"ASV_163",0.0,0.0,0.0,0.0,0.0,0.0,0.0,0.0,0.0015581924967038236,0.0007301401869158878,0.0,0.0,0.0,0.0,0.0,0.0,0.0,0.0,0.0
"ASV_164",0.0,0.0,0.0,0.001177856301531213,0.0016611295681063123,0.0,0.0011350737797956867,0.0,0.0,0.0007301401869158878,0.0004076086956521739,0.0,0.0,0.0,0.0,0.0,0.0,0.0,0.0
"ASV_165",0.0,0.0,0.0,0.0,0.0,0.0,0.0,0.00585197934595525,0.0,0.0,0.0,0.0,0.0,0.0,0.0,0.0,0.0,0.0,0.0
"ASV_166",0.0020833333333333333,0.0,0.0,0.0,0.0,0.0,0.0,0.0,0.0,0.0,0.0,0.0,0.0005157297576070139,0.0,0.0,0.0,0.0,0.0,0.0
"ASV_167",0.000625,0.0,0.0,0.0,0.0,0.0,0.0,0.0,0.0005993048064245475,0.0010221962616822429,0.0,0.0,0.0,0.0,0.0,0.0,0.0,0.0,0.0
"ASV_168",0.0,0.0,0.0,0.0,0.0,0.0,0.0,0.0,0.0008390267289943665,0.0,0.0,0.0,0.0,0.0,0.0,0.0,0.0,0.0,0.001759014951627089
"ASV_169",0.0,0.0,0.0,0.0,0.0,0.0,0.0,0.0,0.0005993048064245475,0.0,0.0,0.0,0.0008595495960116899,0.0,0.0,0.0,0.0,0.0,0.0
"ASV_170",0.0004166666666666667,0.0,0.0,0.0,0.0,0.0,0.0,0.0,0.0,0.0,0.0,0.0,0.0,0.0,0.0,0.0006161429451632779,0.0,0.0008673026886383347,0.0013192612137203166
"ASV_171",0.0,0.0,0.0,0.002944640753828033,0.0,0.0,0.0,0.0,0.00023972192256981902,0.0007301401869158878,0.0002717391304347826,0.0,0.0,0.0,0.0,0.0,0.0,0.0,0.0
"ASV_172",0.0,0.0,0.0,0.0017667844522968198,0.0,0.0,0.0,0.0,0.0,0.0,0.0,0.0,0.0,0.0,0.0,0.0,0.0,0.003180109858340561,0.0
"ASV_173",0.0,0.0,0.0,0.0,0.0,0.0,0.0,0.0,0.0,0.0,0.0,0.0,0.0,0.0,0.0,0.002875333744095297,0.0,0.0,0.0
"ASV_174",0.0,0.0010669511869831954,0.0,0.0,0.0,0.0,0.0,0.0,0.0,0.0,0.0,0.0,0.0,0.0013553808620222283,0.0,0.00041076196344218524,0.0,0.0005782017924255566,0.0
"ASV_175",0.0,0.0,0.0,0.0,0.0,0.0,0.000851305334846765,0.002065404475043029,0.0,0.0,0.0,0.0,0.00034381983840467596,0.0,0.0,0.0,0.0,0.0,0.0
"ASV_176",0.0,0.0,0.0011534025374855825,0.0,0.0,0.0,0.0,0.0,0.0003595828838547285,0.0,0.0006793478260869565,0.0,0.0,0.0,0.0,0.0,0.0,0.0,0.0
"ASV_177",0.0,0.0,0.0,0.0,0.0,0.0,0.0,0.0,0.001438331535418914,0.0,0.0,0.0,0.0,0.0,0.0,0.0,0.0,0.0,0.0
"ASV_178",0.0022916666666666667,0.0,0.0,0.0,0.0,0.0,0.0,0.0,0.0,0.0,0.0,0.0,0.0,0.0,0.0,0.0,0.0,0.0,0.0
"ASV_179",0.0,0.0,0.0,0.0,0.0,0.0,0.0,0.0,0.0,0.0,0.0012228260869565218,0.0,0.0,0.0,0.0,0.0,0.0,0.0005782017924255566,0.0
"ASV_180",0.0,0.0,0.0,0.0,0.0,0.0,0.0,0.0,0.0,0.0,0.0,0.0,0.00042977479800584495,0.0,0.0023828435266084196,0.0,0.0,0.0,0.0
"ASV_181",0.0,0.0,0.0,0.0,0.0,0.0,0.0,0.0,0.0,0.0,0.001358695652173913,0.0,0.0,0.0,0.0,0.0,0.0,0.0,0.0
"ASV_182",0.0,0.0,0.0,0.0,0.0,0.0,0.0,0.0,0.0,0.0,0.0,0.0,0.0008595495960116899,0.0,0.0,0.0,0.0,0.0,0.0
"ASV_183",0.0,0.0,0.0,0.0,0.0,0.0,0.0,0.003098106712564544,0.0,0.0,0.0,0.0,0.0,0.0,0.0,0.0,0.0,0.0,0.0
"ASV_184",0.0,0.0,0.0,0.0,0.0,0.0,0.0,0.0,0.0,0.0,0.0,0.0,0.0007735946364105209,0.0,0.0,0.0,0.0,0.0,0.0
"ASV_185",0.0,0.0,0.0,0.0,0.0,0.0,0.0,0.0,0.0,0.0,0.0,0.0,0.0,0.002439685551640011,0.0,0.0,0.0,0.0,0.0
"ASV_186",0.0,0.002133902373966391,0.0,0.0,0.0,0.0,0.0,0.0,0.0,0.0,0.0,0.0,0.0,0.0,0.0,0.0,0.0,0.0,0.0
"ASV_187",0.0,0.0,0.0,0.0,0.0,0.0,0.0,0.0,0.00023972192256981902,0.0,0.0002717391304347826,0.0,0.0,0.0,0.0,0.00041076196344218524,0.0,0.0,0.00043975373790677223
"ASV_188",0.0,0.0,0.0,0.0,0.0,0.0,0.0,0.0,0.0,0.0,0.0010869565217391304,0.0,0.0,0.0,0.0,0.0,0.0,0.0,0.0
"ASV_189",0.0,0.0,0.0,0.0,0.0,0.0,0.0,0.0,0.0,0.0,0.0010869565217391304,0.0,0.0,0.0,0.0,0.0,0.0,0.0,0.0
"ASV_190",0.0,0.0,0.0,0.0,0.0,0.0,0.0,0.0,0.0,0.0,0.0010869565217391304,0.0,0.0,0.0,0.0,0.0,0.0,0.0,0.0
"ASV_191",0.0,0.0018671645772205922,0.0,0.0,0.0,0.0,0.0,0.0,0.0,0.0,0.0,0.0,0.0,0.0,0.0,0.0,0.0,0.0,0.0
"ASV_192",0.0,0.0,0.0,0.001177856301531213,0.0,0.0,0.0,0.0,0.0003595828838547285,0.0002920560747663551,0.0,0.0,0.0,0.0,0.0,0.0,0.0,0.0,0.0
"ASV_193",0.0,0.0,0.0,0.0,0.0,0.0,0.0,0.0,0.0,0.0,0.0,0.0,0.0,0.0,0.0,0.0,0.0,0.002023706273489448,0.0
"ASV_194",0.0008333333333333334,0.0,0.0,0.0,0.0,0.0,0.0,0.0,0.0,0.0,0.0,0.0,0.00017190991920233798,0.0,0.0,0.0,0.0,0.0,0.0
"ASV_195",0.0,0.0016004267804747934,0.0,0.0,0.0,0.0,0.0,0.0,0.0,0.0,0.0,0.0,0.0,0.0,0.0,0.0,0.0,0.0,0.0
"ASV_196",0.0,0.0008002133902373967,0.0,0.0,0.0,0.0,0.000851305334846765,0.0,0.0,0.0,0.0,0.0,0.0,0.0,0.0,0.0,0.0,0.0,0.0
"ASV_197",0.0,0.0013336889837289945,0.0,0.0,0.0,0.0,0.0,0.0,0.0,0.0,0.0,0.0,0.0,0.0,0.0,0.0,0.0,0.0,0.0
"ASV_198",0.0,0.0,0.0,0.0,0.0,0.0008499787505312367,0.000851305334846765,0.0,0.0,0.0,0.0,0.0,0.0,0.0,0.0,0.0,0.0,0.0,0.0
"ASV_199",0.0,0.0,0.0,0.0,0.0,0.0,0.0014188422247446084,0.0,0.0,0.0,0.0,0.0,0.0,0.0,0.0,0.0,0.0,0.0,0.0
"ASV_200",0.0,0.0,0.0,0.0,0.0,0.0,0.0014188422247446084,0.0,0.0,0.0,0.0,0.0,0.0,0.0,0.0,0.0,0.0,0.0,0.0
"ASV_201",0.0,0.0,0.0,0.0,0.0,0.0,0.0,0.0,0.0005993048064245475,0.0,0.0,0.0,0.0,0.0,0.0,0.0,0.0,0.0,0.0
"ASV_202",0.0,0.0,0.0,0.0,0.0,0.0,0.0,0.0,0.0,0.0,0.0006793478260869565,0.0,0.0,0.0,0.0,0.0,0.0,0.0,0.0
"ASV_203",0.0,0.0,0.0,0.0,0.0,0.0,0.0,0.0,0.0,0.0,0.0006793478260869565,0.0,0.0,0.0,0.0,0.0,0.0,0.0,0.0
"ASV_204",0.0,0.0,0.0,0.0,0.0,0.0,0.0,0.0,0.0,0.0,0.0,0.0,0.00042977479800584495,0.0,0.0,0.0,0.0,0.0,0.0
"ASV_205",0.0,0.0,0.0,0.0,0.0,0.0,0.0,0.0,0.0,0.0,0.0,0.0,0.0,0.0,0.0,0.0,0.0,0.0,0.0010993843447669306
"ASV_206",0.0,0.0,0.0,0.0,0.0,0.0,0.0,0.0,0.0,0.0,0.0,0.0,0.0,0.0,0.0,0.0,0.0,0.0,0.0010993843447669306
"ASV_207",0.0,0.0,0.0,0.0,0.0,0.0,0.0,0.0,0.0,0.0,0.0,0.0,0.0,0.0,0.0,0.0,0.0,0.0,0.0010993843447669306
"ASV_208",0.0008333333333333334,0.0,0.0,0.0,0.0,0.0,0.0,0.0,0.0,0.0,0.0,0.0,0.0,0.0,0.0,0.0,0.0,0.0,0.0
"ASV_209",0.0008333333333333334,0.0,0.0,0.0,0.0,0.0,0.0,0.0,0.0,0.0,0.0,0.0,0.0,0.0,0.0,0.0,0.0,0.0,0.0
"ASV_210",0.0008333333333333334,0.0,0.0,0.0,0.0,0.0,0.0,0.0,0.0,0.0,0.0,0.0,0.0,0.0,0.0,0.0,0.0,0.0,0.0
"ASV_211",0.0,0.0010669511869831954,0.0,0.0,0.0,0.0,0.0,0.0,0.0,0.0,0.0,0.0,0.0,0.0,0.0,0.0,0.0,0.0,0.0
"ASV_212",0.0,0.0,0.0,0.0,0.0,0.0,0.0011350737797956867,0.0,0.0,0.0,0.0,0.0,0.0,0.0,0.0,0.0,0.0,0.0,0.0
"ASV_213",0.0,0.0,0.0,0.0,0.0,0.0,0.0,0.0,0.00047944384513963804,0.0,0.0,0.0,0.0,0.0,0.0,0.0,0.0,0.0,0.0
"ASV_214",0.0,0.0,0.0,0.0,0.0,0.0,0.0,0.0,0.00023972192256981902,0.0,0.0,0.0,0.00017190991920233798,0.0,0.0,0.0,0.0,0.0,0.0
"ASV_215",0.0,0.0,0.0,0.0,0.0,0.0,0.0,0.0,0.0,0.0,0.0005434782608695652,0.0,0.0,0.0,0.0,0.0,0.0,0.0,0.0
"ASV_216",0.0,0.0,0.0,0.0,0.0,0.0,0.0,0.0,0.0,0.0,0.0,0.0012734797835084368,0.0,0.0,0.0,0.0,0.0,0.0,0.0
"ASV_217",0.0,0.0,0.0,0.0,0.0,0.0,0.0,0.0,0.0,0.0,0.0,0.0,0.00034381983840467596,0.0,0.0,0.0,0.0,0.0,0.0
"ASV_218",0.0,0.0,0.0,0.0,0.0,0.0,0.0,0.0,0.0,0.0,0.0,0.0,0.00034381983840467596,0.0,0.0,0.0,0.0,0.0,0.0
"ASV_219",0.0,0.0,0.0,0.0,0.0,0.0,0.0,0.0,0.0,0.0,0.0,0.0,0.0,0.0,0.0,0.0,0.0,0.0,0.0008795074758135445
"ASV_220",0.0,0.0,0.0,0.0,0.0,0.0012749681257968552,0.0,0.0,0.0,0.0,0.0,0.0,0.0,0.0,0.0,0.0,0.0,0.0,0.0
"ASV_221",0.0,0.0,0.0,0.0,0.0,0.0,0.000851305334846765,0.0,0.0,0.0,0.0,0.0,0.0,0.0,0.0,0.0,0.0,0.0,0.0
"ASV_222",0.0,0.0,0.0,0.0,0.0,0.0,0.0,0.0010327022375215145,0.0,0.0,0.0,0.0,0.0,0.0,0.0,0.0,0.0,0.0,0.0
"ASV_223",0.0,0.0,0.0,0.0,0.0,0.0,0.0,0.0,0.0003595828838547285,0.0,0.0,0.0,0.0,0.0,0.0,0.0,0.0,0.0,0.0
"ASV_224",0.0,0.0,0.0,0.0,0.0,0.0,0.0,0.0,0.0,0.0,0.0,0.0,0.00025786487880350697,0.0,0.0,0.0,0.0,0.0,0.0
"ASV_225",0.0,0.0,0.0,0.0,0.0,0.0,0.0,0.0,0.0,0.0,0.0,0.0,0.00025786487880350697,0.0,0.0,0.0,0.0,0.0,0.0
"ASV_226",0.0,0.0,0.0,0.0,0.0,0.0,0.0,0.0,0.0,0.0,0.0,0.0,0.0,0.000813228517213337,0.0,0.0,0.0,0.0,0.0
"ASV_227",0.0,0.0,0.0,0.0,0.0,0.0,0.0005675368898978433,0.0,0.0,0.0,0.0,0.0,0.0,0.0,0.0,0.0,0.0,0.0,0.0
"ASV_228",0.0,0.0,0.0,0.0,0.0,0.0,0.0005675368898978433,0.0,0.0,0.0,0.0,0.0,0.0,0.0,0.0,0.0,0.0,0.0,0.0
"ASV_229",0.0,0.0,0.0,0.0,0.0,0.0,0.0,0.0,0.0,0.0002920560747663551,0.0,0.0,0.0,0.0,0.0,0.0,0.0,0.0,0.0
"ASV_230",0.0,0.0,0.0,0.0,0.0,0.0,0.0,0.0,0.0,0.0,0.0002717391304347826,0.0,0.0,0.0,0.0,0.0,0.0,0.0,0.0
"ASV_231",0.0,0.0,0.0,0.0,0.0,0.0,0.0,0.0,0.0,0.0,0.0,0.0,0.0,0.0005421523448088912,0.0,0.0,0.0,0.0,0.0
